{"page":1,"recordsOnPage":50,"orderBy":null,"ascending":true,"allowDeleted":false,"isDistinct":false,"data":[{"id":1925,"date":1459705795287,"status":"ACTIVE","certInfo":{"id":1925,"thumbprint":"CC4FCF1F6EB6846B900B71E6CF5AFFE0E92D14A7","issuer":"CN=УЦ 2 ИС ГУЦ, C=RU, S=77 г.Москва, L=Москва, O=Минкомсвязь России, STREET=125375 г. Москва ул. Тверская д.7, E=dit@minsvyaz.ru, ОГРН=1047702026701, ИНН=007710474375","subject":"CN=1С УЦ 1, OU=Удостоверяющий центр, O=\"ООО \"\"НПЦ \"\"1С\"\"\", E=ca@1c.ru, S=77 г.Москва, L=Москва, C=RU, ИНН=007729510210, ОГРН=1047796526546, STREET=Дмитровское шоссе дом 9","serial":"1118947100000000027C","notBefore":1404911760000,"notAfter":1500706440000}},{"id":2303,"date":1459705795880,"status":"ACTIVE","certInfo":{"id":2303,"thumbprint":"EFA5B0717F05163862C0F0E0D7735D2FA7D6FDC9","issuer":"CN=УЦ 1 ИС ГУЦ, C=RU, S=77 г. Москва, L=Москва, O=Минкомсвязь России, STREET=125375 г. Москва ул. Тверская д.7, E=dit@minsvyaz.ru, ОГРН=1047702026701, ИНН=007710474375","subject":"CN=1С УЦ 1, OU=Удостоверяющий центр, O=\"ООО \"\"НПЦ \"\"1С\"\"\", E=ca@1c.ru, S=77 г.Москва, L=Москва, C=RU, ИНН=007729510210, ОГРН=1047796526546, STREET=Дмитровское шоссе дом 9","serial":"5A5DFD0000000000013B","notBefore":1373636700000,"notAfter":1405176840000}},{"id":1357,"date":1459705794290,"status":"ACTIVE","certInfo":{"id":1357,"thumbprint":"8FC8CEE1D8CA0CC335BF7ECCD9245330D0DA02F0","issuer":"CN=УЦ 1 ИС ГУЦ, C=RU, S=77 г. Москва, L=Москва, O=Минкомсвязь России, STREET=125375 г. Москва ул. Тверская д.7, E=dit@minsvyaz.ru, ОГРН=1047702026701, ИНН=007710474375","subject":"CN=1С УЦ 2, OU=Удостоверяющий центр, O=\"ООО \"\"НПЦ \"\"1С\"\"\", C=RU, S=77 г.Москва, L=Москва, E=ca@1c.ru, STREET=Дмитровское шоссе дом 9, ИНН=007729510210, ОГРН=1047796526546","serial":"1F1312980002000006A2","notBefore":1450962660000,"notAfter":1555845300000}},{"id":2123,"date":1459705795600,"status":"ACTIVE","certInfo":{"id":2123,"thumbprint":"DEC5E9517CF7A7951E6DF360946FCA4A003DB506","issuer":"CN=УЦ 1 ИС ГУЦ, C=RU, S=77 г. Москва, L=Москва, O=Минкомсвязь России, STREET=125375 г. Москва ул. Тверская д.7, E=dit@minsvyaz.ru, ОГРН=1047702026701, ИНН=007710474375","subject":"CN=1С УЦ 2, OU=Удостоверяющий центр, O=\"ООО \"\"НПЦ \"\"1С\"\"\", C=RU, S=77 г.Москва, L=Москва, E=ca@1c.ru, STREET=Дмитровское шоссе дом 9, ИНН=007729510210, ОГРН=1047796526546","serial":"7E17B23500000000015F","notBefore":1374236040000,"notAfter":1421673840000}},{"id":409,"date":1459705792730,"status":"ACTIVE","certInfo":{"id":409,"thumbprint":"2B578D796ECCD5B8A6330D27D9B3BFD5237D7FB5","issuer":"CN=УЦ 2 ИС ГУЦ, C=RU, S=77 г.Москва, L=Москва, O=Минкомсвязь России, STREET=125375 г. Москва ул. Тверская д.7, E=dit@minsvyaz.ru, ОГРН=1047702026701, ИНН=007710474375","subject":"CN=1С УЦ 2, OU=Удостоверяющий центр, O=\"ООО \"\"НПЦ \"\"1С\"\"\", C=RU, S=77 г.Москва, L=Москва, E=ca@1c.ru, STREET=Дмитровское шоссе дом 9, ИНН=007729510210, ОГРН=1047796526546","serial":"616FDD4400000000000C","notBefore":1374563880000,"notAfter":1422001620000}},{"id":1121,"date":1459705793900,"status":"ACTIVE","certInfo":{"id":1121,"thumbprint":"74F126EA6A5D1713CD9E5632D7306EDC6B56845D","issuer":"CN=УЦ 1 ИС ГУЦ, C=RU, S=77 г. Москва, L=Москва, O=Минкомсвязь России, STREET=125375 г. Москва ул. Тверская д.7, E=dit@minsvyaz.ru, ОГРН=1047702026701, ИНН=007710474375","subject":"CN=1С УЦ 2, OU=Удостоверяющий центр, O=\"ООО \"\"НПЦ \"\"1С\"\"\", C=RU, S=77 г.Москва, L=Москва, E=ca@1c.ru, STREET=Дмитровское шоссе дом 9, ИНН=007729510210, ОГРН=1047796526546","serial":"2EBE760B0001000003BF","notBefore":1421743380000,"notAfter":1512411120000}},{"id":750,"date":1459705793290,"status":"ACTIVE","certInfo":{"id":750,"thumbprint":"4F957331CECC4B583D3A3320C2013E25BB5D28B0","issuer":"CN=УЦ 2 ИС ГУЦ, C=RU, S=77 г.Москва, L=Москва, O=Минкомсвязь России, STREET=125375 г. Москва ул. Тверская д.7, E=dit@minsvyaz.ru, ОГРН=1047702026701, ИНН=007710474375","subject":"CN=1С УЦ 2, OU=Удостоверяющий центр, O=\"ООО \"\"НПЦ \"\"1С\"\"\", C=RU, S=77 г.Москва, L=Москва, E=ca@1c.ru, STREET=Дмитровское шоссе дом 9, ИНН=007729510210, ОГРН=1047796526546","serial":"7E0CC267000000000014","notBefore":1374236100000,"notAfter":1421673840000}},{"id":285,"date":1459705792480,"status":"ACTIVE","certInfo":{"id":285,"thumbprint":"1E09AA1E2B8A428391F197A580FDEDD640E70149","issuer":"CN=УЦ 1 ИС ГУЦ, C=RU, S=77 г. Москва, L=Москва, O=Минкомсвязь России, STREET=125375 г. Москва ул. Тверская д.7, E=dit@minsvyaz.ru, ОГРН=1047702026701, ИНН=007710474375","subject":"CN=1С УЦ 2, OU=Удостоверяющий центр, O=\"ООО \"\"НПЦ \"\"1С\"\"\", C=RU, S=77 г.Москва, L=Москва, E=ca@1c.ru, STREET=Дмитровское шоссе дом 9, ИНН=007729510210, ОГРН=1047796526546","serial":"717C06D2000100000364","notBefore":1414276920000,"notAfter":1512411120000}},{"id":2130,"date":1459705795600,"status":"ACTIVE","certInfo":{"id":2130,"thumbprint":"DFA2F377978FAB6DD0473DFE2D48BE2823958D3C","issuer":"CN=УЦ 2 ИС ГУЦ, C=RU, S=77 г.Москва, L=Москва, O=Минкомсвязь России, STREET=125375 г. Москва ул. Тверская д.7, E=dit@minsvyaz.ru, ОГРН=1047702026701, ИНН=007710474375","subject":"CN=1С УЦ 2, OU=Удостоверяющий центр, O=\"ООО \"\"НПЦ \"\"1С\"\"\", C=RU, S=77 г.Москва, L=Москва, E=ca@1c.ru, STREET=Дмитровское шоссе дом 9, ИНН=007729510210, ОГРН=1047796526546","serial":"65C062FF000000000327","notBefore":1414333920000,"notAfter":1500706440000}},{"id":1478,"date":1459705794493,"status":"ACTIVE","certInfo":{"id":1478,"thumbprint":"9EF29E60DE2FAD5169FE9F37227F4A51969529F5","issuer":"CN=УЦ 2 ИС ГУЦ, C=RU, S=77 г.Москва, L=Москва, O=Минкомсвязь России, STREET=125375 г. Москва ул. Тверская д.7, E=dit@minsvyaz.ru, ОГРН=1047702026701, ИНН=007710474375","subject":"CN=Administration of Orel Region CA, O=БУОО Центр ГИР, OU=Удостоверяющий центр, STREET=Лескова 22, L=Орел, S=57 Орловская область, C=RU, E=uc@gir.57ru.ru, ИНН=005753007212, ОГРН=1025700831067","serial":"111BB6A80000000001A5","notBefore":1389611160000,"notAfter":1500706440000}}],"total":4023}