{
  "FilterHeaders": [
    {
      "Header": "user-agent",
      "IncludeInScript": false
    },
    {
      "Header": "upgrade-insecure-requests",
      "IncludeInScript": true
    },
    {
      "Header": "sec-fetch-user",
      "IncludeInScript": true
    },
    {
      "Header": "sec-fetch-site",
      "IncludeInScript": true
    },
    {
      "Header": "sec-fetch-mode",
      "IncludeInScript": true
    },
    {
      "Header": "origin",
      "IncludeInScript": true
    },
    {
      "Header": "if-none-match",
      "IncludeInScript": false
    },
    {
      "Header": "if-modified-since",
      "IncludeInScript": false
    },
    {
      "Header": "accept-language",
      "IncludeInScript": false
    },
    {
      "Header": "accept-encoding",
      "IncludeInScript": false
    },
    {
      "Header": "accept",
      "IncludeInScript": false
    }
  ],
  "FilterResources": [
    {
      "IsNonResource": true,
      "type": "application/json"
    }
  ],
  "GeneralInfo": {
    "BrowserVersion": "",
    "MaxUsedConnections": 1,
    "RecordedBrowser": "Chrome",
    "RecordingDate": "мар-05-2020",
    "RecordingDuration": 33375,
    "RecordingTimeStamp": 1583407560,
    "TotalBytesReceived": 28658,
    "TotalBytesSent": 3333,
    "TotalRequests": 6
  },
  "HostInfo": [
    {
      "DomainName": "opera.com",
      "Domains": [
        {
          "HTTPVersion": "HTTP/1.1",
          "IP": "185.26.182.112",
          "IncludeInScript": false,
          "Name": "speeddials.opera.com",
          "Port": 443,
          "Requests": [
            {
              "CompressionType": "",
              "DataType": "application/json",
              "DownloadTime": 203,
              "EventId": 159,
              "HttpStatus": 200,
              "Size": 6682,
              "URL": "https://speeddials.opera.com/api/v2/partner-content?product=&country=RU&edition=&uuid=f78c693f-d5c9-4eb9-8262-3703c04f01a3"
            },
            {
              "CompressionType": "",
              "DataType": "",
              "DownloadTime": 62,
              "EventId": 150,
              "HttpStatus": 304,
              "Size": 0,
              "URL": "https://speeddials.opera.com/api/v2/suggestions?product=&country=RU&language=ru&uuid=2d47a37c-01ef-4dcd-b329-4e2f15c2c7cf&type=desktop-suggestions"
            }
          ],
          "SSLCipher": "",
          "SSLVersion": ""
        },
        {
          "HTTPVersion": "HTTP/1.1",
          "IP": "185.26.182.106",
          "IncludeInScript": false,
          "Name": "sitecheck.opera.com",
          "Port": 443,
          "Requests": [
            {
              "CompressionType": "",
              "DataType": "application/x-protobuf",
              "DownloadTime": 188,
              "EventId": 161,
              "HttpStatus": 200,
              "Size": 29,
              "URL": "https://sitecheck.opera.com/api/v2/check"
            }
          ],
          "SSLCipher": "",
          "SSLVersion": ""
        },
        {
          "HTTPVersion": "HTTP/1.1",
          "IP": "185.26.182.94",
          "IncludeInScript": false,
          "Name": "extension-updates.opera.com",
          "Port": 443,
          "Requests": [
            {
              "CompressionType": "",
              "DataType": "application/xhtml+xml",
              "DownloadTime": 47,
              "EventId": 198,
              "HttpStatus": 200,
              "Size": 234,
              "URL": "https://extension-updates.opera.com/api/omaha/update/?os=win&arch=x64&os_arch=x86_64&nacl_arch=x86-64&prod=chromiumcrx&prodchannel=Stable&prodversion=79.0.3945.130&lang=ru&acceptformat=crx3&x=id%3Dcom.opera.crx.blacklist%26v%3D2020.3.5%26uc"
            }
          ],
          "SSLCipher": "ECDHE-RSA-AES256-SHA",
          "SSLVersion": "TLS1.1"
        },
        {
          "HTTPVersion": "HTTP/1.1",
          "IP": "185.26.182.112",
          "IncludeInScript": false,
          "Name": "exchange.opera.com",
          "Port": 443,
          "Requests": [
            {
              "CompressionType": "",
              "DataType": "application/json",
              "DownloadTime": 110,
              "EventId": 157,
              "HttpStatus": 200,
              "Size": 37885,
              "URL": "https://exchange.opera.com/api/v1/cmc/"
            },
            {
              "CompressionType": "",
              "DataType": "text/xml",
              "DownloadTime": 62,
              "EventId": 152,
              "HttpStatus": 200,
              "Size": 1666,
              "URL": "https://exchange.opera.com/api/v1/ecb/"
            },
            {
              "CompressionType": "",
              "DataType": "application/json",
              "DownloadTime": 62,
              "EventId": 145,
              "HttpStatus": 200,
              "Size": 6768,
              "URL": "https://exchange.opera.com/api/v1/nbu/"
            }
          ],
          "SSLCipher": "",
          "SSLVersion": ""
        },
        {
          "HTTPVersion": "HTTP/1.1",
          "IP": "185.26.182.95",
          "IncludeInScript": false,
          "Name": "autoupdate.geo.opera.com",
          "Port": 443,
          "Requests": [
            {
              "CompressionType": "",
              "DataType": "application/json",
              "DownloadTime": 62,
              "EventId": 148,
              "HttpStatus": 200,
              "Size": 46,
              "URL": "https://autoupdate.geo.opera.com/geolocation/"
            }
          ],
          "SSLCipher": "",
          "SSLVersion": ""
        },
        {
          "HTTPVersion": "HTTP/1.1",
          "IP": "185.26.182.111",
          "IncludeInScript": false,
          "Name": "af.opera.com",
          "Port": 443,
          "Requests": [
            {
              "CompressionType": "",
              "DataType": "",
              "DownloadTime": 62,
              "EventId": 226,
              "HttpStatus": 304,
              "Size": 0,
              "URL": "https://af.opera.com/api/query?q=Chc2LjEuMTcxNS4xNDQyL2VuIChHR0xMKRMZNodXu0tpyb8jLajNO-skIy2RYZVOJCMtWXC8ziQjLVlwvM4kFA=="
            },
            {
              "CompressionType": "",
              "DataType": "",
              "DownloadTime": 47,
              "EventId": 224,
              "HttpStatus": 200,
              "Size": 4,
              "URL": "https://af.opera.com/api/query?q=Chc2LjEuMTcxNS4xNDQyL2VuIChHR0xMKRMZNodXu0tpyb8jLajNO-skIy2RYZVOJCMtWXC8ziQjLVlwvM4kFA=="
            }
          ],
          "SSLCipher": "",
          "SSLVersion": ""
        }
      ],
      "IncludeInScript": true
    },
    {
      "DomainName": "opera-api.com",
      "Domains": [
        {
          "HTTPVersion": "HTTP/1.1",
          "IP": "82.145.216.15",
          "IncludeInScript": false,
          "Name": "features.opera-api.com",
          "Port": 443,
          "Requests": [
            {
              "CompressionType": "",
              "DataType": "application/json",
              "DownloadTime": 78,
              "EventId": 258,
              "HttpStatus": 200,
              "Size": 209,
              "URL": "https://features.opera-api.com/api/v1/features?country=RU&language=ru&uuid=08793f86-9970-42ef-8f0a-67a4d196c6e5"
            }
          ],
          "SSLCipher": "ECDHE-RSA-AES256-SHA",
          "SSLVersion": "TLS1.1"
        }
      ],
      "IncludeInScript": true
    },
    {
      "DomainName": "guc2018.voskhod.ru",
      "Domains": [
        {
          "HTTPVersion": "HTTP/1.1",
          "IP": "185.194.32.130",
          "IncludeInScript": true,
          "Name": "guc2018.voskhod.ru",
          "Port": 443,
          "Requests": [
            {
              "CompressionType": "",
              "DataType": "application/json",
              "DownloadTime": 140,
              "EventId": 267,
              "HttpStatus": 200,
              "Size": 2553,
              "URL": "https://guc2018.voskhod.ru/app/scc/portal/api/v1/portal/ca/getStats/1047796526546"
            },
            {
              "CompressionType": "",
              "DataType": "application/json",
              "DownloadTime": 16,
              "EventId": 262,
              "HttpStatus": 200,
              "Size": 16559,
              "URL": "https://guc2018.voskhod.ru/app/scc/portal/api/v1/portal/ca/get/1047796526546"
            },
            {
              "CompressionType": "",
              "DataType": "application/json",
              "DownloadTime": 359,
              "EventId": 222,
              "HttpStatus": 200,
              "Size": 7252,
              "URL": "https://guc2018.voskhod.ru/app/scc/portal/api/v1/portal/ufoCertificates/list"
            },
            {
              "CompressionType": "",
              "DataType": "application/json",
              "DownloadTime": 531,
              "EventId": 217,
              "HttpStatus": 200,
              "Size": 222,
              "URL": "https://guc2018.voskhod.ru/app/scc/portal/api/v1/portal/ufoCertificates/issuers"
            },
            {
              "CompressionType": "",
              "DataType": "application/json",
              "DownloadTime": 16,
              "EventId": 180,
              "HttpStatus": 200,
              "Size": 2072,
              "URL": "https://guc2018.voskhod.ru/app/scc/portal/api/v1/portal/constants/siteDynamicData"
            },
            {
              "CompressionType": "",
              "DataType": "",
              "DownloadTime": 16,
              "EventId": 139,
              "HttpStatus": 304,
              "Size": 0,
              "URL": "https://guc2018.voskhod.ru/"
            }
          ],
          "SSLCipher": "ECDHE-RSA-AES128-SHA",
          "SSLVersion": "TLS1.1"
        }
      ],
      "IncludeInScript": true
    },
    {
      "DomainName": "api-maps.yandex.ru",
      "Domains": [
        {
          "HTTPVersion": "HTTP/1.1",
          "IP": "77.88.21.173",
          "IncludeInScript": true,
          "Name": "api-maps.yandex.ru",
          "Port": 443,
          "Requests": [
            {
              "CompressionType": "gzip",
              "DataType": "application/javascript",
              "DownloadTime": 47,
              "EventId": 167,
              "HttpStatus": 200,
              "Size": 12565,
              "URL": "https://api-maps.yandex.ru/2.1/?lang=ru_RU"
            }
          ],
          "SSLCipher": "ECDHE-RSA-AES128-SHA",
          "SSLVersion": "TLS1.1"
        }
      ],
      "IncludeInScript": true
    }
  ],
  "WebSocket": {
    "IncludeInScript": false,
    "IsScriptIncludeWebSocket": false
  },
  "NumberOfCorrelations": 0
}