{
  "footerProjectName": "Портал уполномоченного федерального органа в области использования электронной подписи, 2020г.",
  "footerContacts": [
    {
      "big": "(800) 200 2139",
      "little": "служба поддержки"
    },
    {
      "big": "(495) 771 8121",
      "little": "справочная по документам"
    },
    {
      "big": "(495) 771 8100",
      "little": "справочная"
    },
    {
      "big": "Обратная связь",
      "little": "sd@sc.minsvyaz.ru"
    }
  ],
  "footerLinks": [
    {
      "text": "Минкомсвязь России",
      "url": "https://digital.gov.ru"
    },
    {
      "text": "Старая версия портала",
      "url": "https://e-trust.gosuslugi.ru"
    },
    {
      "text": "Сервис проверки ФГИС ГУЦ",
      "url": "https://www.gosuslugi.ru/pgu/eds"
    }
  ],
  "mapMinkomName": [
    "Министерство цифрового развития, связи и",
    "массовых коммуникаций Российской Федерации"
  ],
  "mapMinkomInfo": [
    {
      "left": "Адрес:",
      "right": "125375, г. Москва, ул. Тверская, д. 7"
    },
    {
      "left": "Адрес веб-сайта:",
      "right": "https://digital.gov.ru"
    },
    {
      "left": "Служба поддержки пользователей:",
      "right": "(800) 200 2139"
    },
    {
      "left": "Адрес электронной почты службы поддержки пользователей:",
      "right": "sd@sc.minsvyaz.com"
    },
    {
      "left": "Справки по документам:",
      "right": "(495) 771 8121"
    },
    {
      "left": "Справочная:",
      "right": "(495) 771 8100"
    },
    {
      "left": "Факс:",
      "right": "(495) 771 8718"
    }
  ],
  "geoMapCenter": [
    55.758438,
    37.609144
  ],
  "geoPlacemark": [
    55.757972,
    37.611203
  ]
}
