[{"date":"04.02.2020","successCount":0,"strictSuccessCount":0,"allChecksCount":143},{"date":"05.02.2020","successCount":0,"strictSuccessCount":0,"allChecksCount":143},{"date":"06.02.2020","successCount":0,"strictSuccessCount":0,"allChecksCount":143},{"date":"07.02.2020","successCount":0,"strictSuccessCount":0,"allChecksCount":144},{"date":"08.02.2020","successCount":0,"strictSuccessCount":0,"allChecksCount":144},{"date":"09.02.2020","successCount":0,"strictSuccessCount":0,"allChecksCount":144},{"date":"10.02.2020","successCount":0,"strictSuccessCount":0,"allChecksCount":131},{"date":"11.02.2020","successCount":0,"strictSuccessCount":0,"allChecksCount":144},{"date":"12.02.2020","successCount":0,"strictSuccessCount":0,"allChecksCount":144},{"date":"13.02.2020","successCount":0,"strictSuccessCount":0,"allChecksCount":144},{"date":"14.02.2020","successCount":0,"strictSuccessCount":0,"allChecksCount":142},{"date":"15.02.2020","successCount":0,"strictSuccessCount":0,"allChecksCount":144},{"date":"16.02.2020","successCount":0,"strictSuccessCount":0,"allChecksCount":144},{"date":"17.02.2020","successCount":0,"strictSuccessCount":0,"allChecksCount":142},{"date":"18.02.2020","successCount":0,"strictSuccessCount":0,"allChecksCount":142},{"date":"19.02.2020","successCount":0,"strictSuccessCount":0,"allChecksCount":142},{"date":"20.02.2020","successCount":0,"strictSuccessCount":0,"allChecksCount":144},{"date":"21.02.2020","successCount":0,"strictSuccessCount":0,"allChecksCount":143},{"date":"22.02.2020","successCount":0,"strictSuccessCount":0,"allChecksCount":143},{"date":"23.02.2020","successCount":0,"strictSuccessCount":0,"allChecksCount":143},{"date":"24.02.2020","successCount":0,"strictSuccessCount":0,"allChecksCount":144},{"date":"25.02.2020","successCount":0,"strictSuccessCount":0,"allChecksCount":144},{"date":"26.02.2020","successCount":0,"strictSuccessCount":0,"allChecksCount":144},{"date":"27.02.2020","successCount":0,"strictSuccessCount":0,"allChecksCount":139},{"date":"28.02.2020","successCount":0,"strictSuccessCount":0,"allChecksCount":144},{"date":"29.02.2020","successCount":0,"strictSuccessCount":0,"allChecksCount":144},{"date":"01.03.2020","successCount":0,"strictSuccessCount":0,"allChecksCount":144},{"date":"02.03.2020","successCount":0,"strictSuccessCount":0,"allChecksCount":141},{"date":"03.03.2020","successCount":0,"strictSuccessCount":0,"allChecksCount":144},{"date":"04.03.2020","successCount":0,"strictSuccessCount":0,"allChecksCount":98}]