{
  "FilterHeaders": [
    {
      "Header": "user-agent",
      "IncludeInScript": false
    },
    {
      "Header": "upgrade-insecure-requests",
      "IncludeInScript": true
    },
    {
      "Header": "sec-fetch-user",
      "IncludeInScript": true
    },
    {
      "Header": "sec-fetch-site",
      "IncludeInScript": true
    },
    {
      "Header": "sec-fetch-mode",
      "IncludeInScript": true
    },
    {
      "Header": "origin",
      "IncludeInScript": true
    },
    {
      "Header": "if-none-match",
      "IncludeInScript": false
    },
    {
      "Header": "if-modified-since",
      "IncludeInScript": false
    },
    {
      "Header": "accept-language",
      "IncludeInScript": false
    },
    {
      "Header": "accept-encoding",
      "IncludeInScript": false
    },
    {
      "Header": "accept",
      "IncludeInScript": false
    }
  ],
  "FilterResources": [
    {
      "IsNonResource": true,
      "type": "application/json"
    }
  ],
  "GeneralInfo": {
    "BrowserVersion": "",
    "MaxUsedConnections": 1,
    "RecordedBrowser": "Chrome",
    "RecordingDate": "мар-04-2020",
    "RecordingDuration": 14484,
    "RecordingTimeStamp": 1583329672,
    "TotalBytesReceived": 2072,
    "TotalBytesSent": 1165,
    "TotalRequests": 2
  },
  "HostInfo": [
    {
      "DomainName": "opera.com",
      "Domains": [
        {
          "HTTPVersion": "HTTP/1.1",
          "IP": "185.26.182.118",
          "IncludeInScript": false,
          "Name": "sitecheck.opera.com",
          "Port": 443,
          "Requests": [
            {
              "CompressionType": "",
              "DataType": "application/x-protobuf",
              "DownloadTime": 125,
              "EventId": 624,
              "HttpStatus": 200,
              "Size": 29,
              "URL": "https://sitecheck.opera.com/api/v2/check"
            }
          ],
          "SSLCipher": "",
          "SSLVersion": ""
        },
        {
          "HTTPVersion": "HTTP/1.1",
          "IP": "185.26.182.111",
          "IncludeInScript": false,
          "Name": "exchange.opera.com",
          "Port": 443,
          "Requests": [
            {
              "CompressionType": "",
              "DataType": "application/json",
              "DownloadTime": 391,
              "EventId": 628,
              "HttpStatus": 200,
              "Size": 6765,
              "URL": "https://exchange.opera.com/api/v1/nbu/"
            },
            {
              "CompressionType": "",
              "DataType": "application/json",
              "DownloadTime": 110,
              "EventId": 617,
              "HttpStatus": 200,
              "Size": 37940,
              "URL": "https://exchange.opera.com/api/v1/cmc/"
            },
            {
              "CompressionType": "",
              "DataType": "text/xml",
              "DownloadTime": 63,
              "EventId": 615,
              "HttpStatus": 200,
              "Size": 1666,
              "URL": "https://exchange.opera.com/api/v1/ecb/"
            }
          ],
          "SSLCipher": "",
          "SSLVersion": ""
        },
        {
          "HTTPVersion": "HTTP/1.1",
          "IP": "185.26.182.105",
          "IncludeInScript": false,
          "Name": "autoupdate.geo.opera.com",
          "Port": 443,
          "Requests": [
            {
              "CompressionType": "",
              "DataType": "application/json",
              "DownloadTime": 125,
              "EventId": 619,
              "HttpStatus": 200,
              "Size": 46,
              "URL": "https://autoupdate.geo.opera.com/geolocation/"
            }
          ],
          "SSLCipher": "",
          "SSLVersion": ""
        }
      ],
      "IncludeInScript": true
    },
    {
      "DomainName": "guc2018.voskhod.ru",
      "Domains": [
        {
          "HTTPVersion": "HTTP/1.1",
          "IP": "185.194.32.130",
          "IncludeInScript": true,
          "Name": "guc2018.voskhod.ru",
          "Port": 443,
          "Requests": [
            {
              "CompressionType": "",
              "DataType": "application/json",
              "DownloadTime": 15,
              "EventId": 646,
              "HttpStatus": 200,
              "Size": 2072,
              "URL": "https://guc2018.voskhod.ru/app/scc/portal/api/v1/portal/constants/siteDynamicData"
            },
            {
              "CompressionType": "",
              "DataType": "",
              "DownloadTime": 16,
              "EventId": 608,
              "HttpStatus": 304,
              "Size": 0,
              "URL": "https://guc2018.voskhod.ru/"
            }
          ],
          "SSLCipher": "ECDHE-RSA-AES128-SHA",
          "SSLVersion": "TLS1.1"
        }
      ],
      "IncludeInScript": true
    },
    {
      "DomainName": "api-maps.yandex.ru",
      "Domains": [
        {
          "HTTPVersion": "HTTP/1.1",
          "IP": "77.88.21.173",
          "IncludeInScript": true,
          "Name": "api-maps.yandex.ru",
          "Port": 443,
          "Requests": [
            {
              "CompressionType": "gzip",
              "DataType": "application/javascript",
              "DownloadTime": 47,
              "EventId": 636,
              "HttpStatus": 200,
              "Size": 12562,
              "URL": "https://api-maps.yandex.ru/2.1/?lang=ru_RU"
            }
          ],
          "SSLCipher": "ECDHE-RSA-AES128-SHA",
          "SSLVersion": "TLS1.1"
        }
      ],
      "IncludeInScript": true
    }
  ],
  "WebSocket": {
    "IncludeInScript": false,
    "IsScriptIncludeWebSocket": false
  },
  "NumberOfCorrelations": 0
}